搜索关键词,职位,薪资,公司,地点,经验/学历,URL
Python 开发,招聘机器人软件开发工程师(A236015),25-45k·14薪,机器人软件开发工程师(A236015)【北京-海淀区】急聘25-45k·14薪学生可投经验不限本科,,】/急聘/学生可投/经验不限/本科/小雨智造,https://www.liepin.com/job/1973605287.shtml?pgRef=c_pc_search_page%3Ac_pc_search_job_listcard%402_73605287%3A1%3Ac29ac712-2d59-4f1a-baee-0dea58ff9f04&d_sfrom=search_prime&d_ckId=null&d_curPage=0&d_pageSize=40&d_headId=null&d_posi=0&skId=g1y5rht2ohp0i1jzfpnxzkal3n8s7h2b&fkId=g1y5rht2ohp0i1jzfpnxzkal3n8s7h2b&ckId=g1y5rht2ohp0i1jzfpnxzkal3n8s7h2b&sfrom=search_job_pc&curPage=0&pageSize=40&index=0
Python 开发,招聘化妆品包装开发,8-13k·13薪,化妆品包装开发【上海-静安区】急聘8-13k·13薪应届硕士,,】/急聘/应届/硕士/自然堂集团,https://www.liepin.com/lptjob/82114325?pgRef=c_pc_search_page%3Ac_pc_search_job_listcard%406_82114325%3A1%3Ac29ac712-2d59-4f1a-baee-0dea58ff9f04&d_sfrom=search_prime&d_ckId=null&d_curPage=0&d_pageSize=40&d_headId=null&d_posi=1&skId=g1y5rht2ohp0i1jzfpnxzkal3n8s7h2b&fkId=g1y5rht2ohp0i1jzfpnxzkal3n8s7h2b&ckId=g1y5rht2ohp0i1jzfpnxzkal3n8s7h2b&sfrom=search_job_pc&curPage=0&pageSize=40&index=1
Python 开发,招聘市场开发岗,10-20k,市场开发岗【上海-徐汇区】急聘10-20k学生可投经验不限本科,,】/急聘/学生可投/经验不限/本科/光大期货有限公司,https://www.liepin.com/job/1981093951.shtml?pgRef=c_pc_search_page%3Ac_pc_search_job_listcard%402_81093951%3A1%3Ac29ac712-2d59-4f1a-baee-0dea58ff9f04&d_sfrom=search_prime&d_ckId=null&d_curPage=0&d_pageSize=40&d_headId=null&d_posi=2&skId=g1y5rht2ohp0i1jzfpnxzkal3n8s7h2b&fkId=g1y5rht2ohp0i1jzfpnxzkal3n8s7h2b&ckId=g1y5rht2ohp0i1jzfpnxzkal3n8s7h2b&sfrom=search_job_pc&curPage=0&pageSize=40&index=2
Python 开发,招聘python开发,,python开发【深圳-坪山区】150元/天实习3个月提供转正本科,,】/150元/天/实习/3个月/提供转正/本科/上海数策软件股份有限公司,https://www.liepin.com/lptjob/51431737?pgRef=c_pc_search_page%3Ac_pc_search_job_listcard%406_51431737%3A1%3Ac29ac712-2d59-4f1a-baee-0dea58ff9f04&d_sfrom=search_prime&d_ckId=null&d_curPage=0&d_pageSize=40&d_headId=null&d_posi=3&skId=g1y5rht2ohp0i1jzfpnxzkal3n8s7h2b&fkId=g1y5rht2ohp0i1jzfpnxzkal3n8s7h2b&ckId=g1y5rht2ohp0i1jzfpnxzkal3n8s7h2b&sfrom=search_job_pc&curPage=0&pageSize=40&index=3
Python 开发,招聘Python软件开发实习生,,Python软件开发实习生【上海-浦东新区】200元/天实习3个月本科,,】/200元/天/实习/3个月/本科/鹏瞰半导体,https://www.liepin.com/lptjob/76971049?pgRef=c_pc_search_page%3Ac_pc_search_job_listcard%406_76971049%3A1%3Ac29ac712-2d59-4f1a-baee-0dea58ff9f04&d_sfrom=search_prime&d_ckId=null&d_curPage=0&d_pageSize=40&d_headId=null&d_posi=4&skId=g1y5rht2ohp0i1jzfpnxzkal3n8s7h2b&fkId=g1y5rht2ohp0i1jzfpnxzkal3n8s7h2b&ckId=g1y5rht2ohp0i1jzfpnxzkal3n8s7h2b&sfrom=search_job_pc&curPage=0&pageSize=40&index=4
Python 开发,招聘后端开发实习生 (Go/Python 方向),,后端开发实习生 (Go/Python 方向)【上海-浦东新区】250-300元/天实习3个月提供转正本科,,】/250-300元/天/实习/3个月/提供转正/本科/上海补天石科技有限公司,https://www.liepin.com/lptjob/80128975?pgRef=c_pc_search_page%3Ac_pc_search_job_listcard%406_80128975%3A1%3Ac29ac712-2d59-4f1a-baee-0dea58ff9f04&d_sfrom=search_prime&d_ckId=null&d_curPage=0&d_pageSize=40&d_headId=null&d_posi=5&skId=g1y5rht2ohp0i1jzfpnxzkal3n8s7h2b&fkId=g1y5rht2ohp0i1jzfpnxzkal3n8s7h2b&ckId=g1y5rht2ohp0i1jzfpnxzkal3n8s7h2b&sfrom=search_job_pc&curPage=0&pageSize=40&index=5
Python 开发,招聘Python开发实习生,,Python开发实习生【上海-闵行区】200-250元/天实习6个月提供转正本科,,】/200-250元/天/实习/6个月/提供转正/本科/上海聚界信息科技有限公司,https://www.liepin.com/lptjob/77590735?pgRef=c_pc_search_page%3Ac_pc_search_job_listcard%406_77590735%3A1%3Ac29ac712-2d59-4f1a-baee-0dea58ff9f04&d_sfrom=search_prime&d_ckId=null&d_curPage=0&d_pageSize=40&d_headId=null&d_posi=6&skId=g1y5rht2ohp0i1jzfpnxzkal3n8s7h2b&fkId=g1y5rht2ohp0i1jzfpnxzkal3n8s7h2b&ckId=g1y5rht2ohp0i1jzfpnxzkal3n8s7h2b&sfrom=search_job_pc&curPage=0&pageSize=40&index=6
Python 开发,招聘售前售后客服,10-15k,售前售后客服【杭州-上城区】10-15k经验不限学历不限,,】/经验不限/学历不限/赣州泰酷拉电子商务有限公司,https://www.liepin.com/job/1965727011.shtml?pgRef=c_pc_search_page%3Ac_pc_search_job_listcard%402_65727011%3A1%3Ac29ac712-2d59-4f1a-baee-0dea58ff9f04&d_sfrom=search_prime&d_ckId=null&d_curPage=0&d_pageSize=40&d_headId=null&d_posi=7&skId=g1y5rht2ohp0i1jzfpnxzkal3n8s7h2b&fkId=g1y5rht2ohp0i1jzfpnxzkal3n8s7h2b&ckId=g1y5rht2ohp0i1jzfpnxzkal3n8s7h2b&sfrom=search_job_pc&curPage=0&pageSize=40&index=7
Python 开发,招聘校招Python开发工程师,20-30k·16薪,校招Python开发工程师【北京-西城区】20-30k·16薪应届本科,,】/应届/本科/因诺(上海)资产管理有限公司,https://www.liepin.com/lptjob/80293949?pgRef=c_pc_search_page%3Ac_pc_search_job_listcard%406_80293949%3A1%3Ac29ac712-2d59-4f1a-baee-0dea58ff9f04&d_sfrom=search_prime&d_ckId=null&d_curPage=0&d_pageSize=40&d_headId=null&d_posi=8&skId=g1y5rht2ohp0i1jzfpnxzkal3n8s7h2b&fkId=g1y5rht2ohp0i1jzfpnxzkal3n8s7h2b&ckId=g1y5rht2ohp0i1jzfpnxzkal3n8s7h2b&sfrom=search_job_pc&curPage=0&pageSize=40&index=8
Python 开发,招聘Python开发实习生,,Python开发实习生【苏州-工业园区】150-200元/天实习6个月本科,,】/150-200元/天/实习/6个月/本科/创腾科技,https://www.liepin.com/lptjob/77870513?pgRef=c_pc_search_page%3Ac_pc_search_job_listcard%406_77870513%3A1%3Ac29ac712-2d59-4f1a-baee-0dea58ff9f04&d_sfrom=search_prime&d_ckId=null&d_curPage=0&d_pageSize=40&d_headId=null&d_posi=9&skId=g1y5rht2ohp0i1jzfpnxzkal3n8s7h2b&fkId=g1y5rht2ohp0i1jzfpnxzkal3n8s7h2b&ckId=g1y5rht2ohp0i1jzfpnxzkal3n8s7h2b&sfrom=search_job_pc&curPage=0&pageSize=40&index=9
Python 开发,招聘业务拓展与项目开发专员 / 高级专员,15-20k·13薪,业务拓展与项目开发专员 / 高级专员【上海-静安区】急聘15-20k·13薪学生可投经验不限本科,,】/急聘/学生可投/经验不限/本科/吉宝鸿祥管理(上海)有限公司,https://www.liepin.com/job/1978590785.shtml?pgRef=c_pc_search_page%3Ac_pc_search_job_listcard%402_78590785%3A1%3Ac29ac712-2d59-4f1a-baee-0dea58ff9f04&d_sfrom=search_prime&d_ckId=null&d_curPage=0&d_pageSize=40&d_headId=null&d_posi=10&skId=g1y5rht2ohp0i1jzfpnxzkal3n8s7h2b&fkId=g1y5rht2ohp0i1jzfpnxzkal3n8s7h2b&ckId=g1y5rht2ohp0i1jzfpnxzkal3n8s7h2b&sfrom=search_job_pc&curPage=0&pageSize=40&index=10
Python 开发,招聘Python后端软件开发实习生,,Python后端软件开发实习生【深圳-南山区】150-200元/天实习3个月本科,,】/150-200元/天/实习/3个月/本科/博志生物科技(深圳)有限公司,https://www.liepin.com/lptjob/58125559?pgRef=c_pc_search_page%3Ac_pc_search_job_listcard%406_58125559%3A1%3Ac29ac712-2d59-4f1a-baee-0dea58ff9f04&d_sfrom=search_prime&d_ckId=null&d_curPage=0&d_pageSize=40&d_headId=null&d_posi=11&skId=g1y5rht2ohp0i1jzfpnxzkal3n8s7h2b&fkId=g1y5rht2ohp0i1jzfpnxzkal3n8s7h2b&ckId=g1y5rht2ohp0i1jzfpnxzkal3n8s7h2b&sfrom=search_job_pc&curPage=0&pageSize=40&index=11
Python 开发,招聘南京Python开发工程师,,南京Python开发工程师【南京-栖霞区】300-500元/天实习3个月提供转正本科,,】/300-500元/天/实习/3个月/提供转正/本科/上海玄信资产管理中心,https://www.liepin.com/lptjob/80566719?pgRef=c_pc_search_page%3Ac_pc_search_job_listcard%406_80566719%3A1%3Ac29ac712-2d59-4f1a-baee-0dea58ff9f04&d_sfrom=search_prime&d_ckId=null&d_curPage=0&d_pageSize=40&d_headId=null&d_posi=12&skId=g1y5rht2ohp0i1jzfpnxzkal3n8s7h2b&fkId=g1y5rht2ohp0i1jzfpnxzkal3n8s7h2b&ckId=g1y5rht2ohp0i1jzfpnxzkal3n8s7h2b&sfrom=search_job_pc&curPage=0&pageSize=40&index=12
Python 开发,招聘销售内勤,7-8k,销售内勤【安庆-迎江区】7-8k经验不限学历不限,,】/经验不限/学历不限/安庆上达贸易有限公司,https://www.liepin.com/job/1966320367.shtml?pgRef=c_pc_search_page%3Ac_pc_search_job_listcard%402_66320367%3A1%3Ac29ac712-2d59-4f1a-baee-0dea58ff9f04&d_sfrom=search_prime&d_ckId=null&d_curPage=0&d_pageSize=40&d_headId=null&d_posi=13&skId=g1y5rht2ohp0i1jzfpnxzkal3n8s7h2b&fkId=g1y5rht2ohp0i1jzfpnxzkal3n8s7h2b&ckId=g1y5rht2ohp0i1jzfpnxzkal3n8s7h2b&sfrom=search_job_pc&curPage=0&pageSize=40&index=13
Python 开发,招聘Python后端开发工程师,,Python后端开发工程师【北京】150-300元/天实习3个月提供转正学历不限,,】/150-300元/天/实习/3个月/提供转正/学历不限/北京事问科技有限公司,https://www.liepin.com/lptjob/72726091?pgRef=c_pc_search_page%3Ac_pc_search_job_listcard%406_72726091%3A1%3Ac29ac712-2d59-4f1a-baee-0dea58ff9f04&d_sfrom=search_prime&d_ckId=null&d_curPage=0&d_pageSize=40&d_headId=null&d_posi=14&skId=g1y5rht2ohp0i1jzfpnxzkal3n8s7h2b&fkId=g1y5rht2ohp0i1jzfpnxzkal3n8s7h2b&ckId=g1y5rht2ohp0i1jzfpnxzkal3n8s7h2b&sfrom=search_job_pc&curPage=0&pageSize=40&index=14
Python 开发,招聘Python实习开发工程师,,Python实习开发工程师【广州-番禺区】120-150元/天实习6个月提供转正大专,,】/120-150元/天/实习/6个月/提供转正/大专/云纳信息,https://www.liepin.com/lptjob/58431551?pgRef=c_pc_search_page%3Ac_pc_search_job_listcard%406_58431551%3A1%3Ac29ac712-2d59-4f1a-baee-0dea58ff9f04&d_sfrom=search_prime&d_ckId=null&d_curPage=0&d_pageSize=40&d_headId=null&d_posi=15&skId=g1y5rht2ohp0i1jzfpnxzkal3n8s7h2b&fkId=g1y5rht2ohp0i1jzfpnxzkal3n8s7h2b&ckId=g1y5rht2ohp0i1jzfpnxzkal3n8s7h2b&sfrom=search_job_pc&curPage=0&pageSize=40&index=15
Python 开发,招聘嵌入式软件开发,12-15k,嵌入式软件开发【北京-通州区】急聘12-15k应届硕士,,】/急聘/应届/硕士/北京睿智航显示科技有限公司,https://www.liepin.com/lptjob/81981291?pgRef=c_pc_search_page%3Ac_pc_search_job_listcard%406_81981291%3A1%3Ac29ac712-2d59-4f1a-baee-0dea58ff9f04&d_sfrom=search_prime&d_ckId=null&d_curPage=0&d_pageSize=40&d_headId=null&d_posi=16&skId=g1y5rht2ohp0i1jzfpnxzkal3n8s7h2b&fkId=g1y5rht2ohp0i1jzfpnxzkal3n8s7h2b&ckId=g1y5rht2ohp0i1jzfpnxzkal3n8s7h2b&sfrom=search_job_pc&curPage=0&pageSize=40&index=16
Python 开发,招聘Python开发工程师 (MJ000078),10-12k·13薪,Python开发工程师 (MJ000078)【南京-玄武区】10-12k·13薪应届硕士,,】/应届/硕士/喆塔科技,https://www.liepin.com/lptjob/82044399?pgRef=c_pc_search_page%3Ac_pc_search_job_listcard%406_82044399%3A1%3Ac29ac712-2d59-4f1a-baee-0dea58ff9f04&d_sfrom=search_prime&d_ckId=null&d_curPage=0&d_pageSize=40&d_headId=null&d_posi=17&skId=g1y5rht2ohp0i1jzfpnxzkal3n8s7h2b&fkId=g1y5rht2ohp0i1jzfpnxzkal3n8s7h2b&ckId=g1y5rht2ohp0i1jzfpnxzkal3n8s7h2b&sfrom=search_job_pc&curPage=0&pageSize=40&index=17
Python 开发,招聘Python开发工程师 (MJ000078),10-12k·13薪,Python开发工程师 (MJ000078)【武汉-洪山区】10-12k·13薪应届硕士,,】/应届/硕士/喆塔科技,https://www.liepin.com/lptjob/82044397?pgRef=c_pc_search_page%3Ac_pc_search_job_listcard%406_82044397%3A1%3Ac29ac712-2d59-4f1a-baee-0dea58ff9f04&d_sfrom=search_prime&d_ckId=null&d_curPage=0&d_pageSize=40&d_headId=null&d_posi=18&skId=g1y5rht2ohp0i1jzfpnxzkal3n8s7h2b&fkId=g1y5rht2ohp0i1jzfpnxzkal3n8s7h2b&ckId=g1y5rht2ohp0i1jzfpnxzkal3n8s7h2b&sfrom=search_job_pc&curPage=0&pageSize=40&index=18
Python 开发,招聘Python开发工程师 (MJ000078),10-12k·13薪,Python开发工程师 (MJ000078)【合肥-经开区】10-12k·13薪应届硕士,,】/应届/硕士/喆塔科技,https://www.liepin.com/lptjob/82044395?pgRef=c_pc_search_page%3Ac_pc_search_job_listcard%406_82044395%3A1%3Ac29ac712-2d59-4f1a-baee-0dea58ff9f04&d_sfrom=search_prime&d_ckId=null&d_curPage=0&d_pageSize=40&d_headId=null&d_posi=19&skId=g1y5rht2ohp0i1jzfpnxzkal3n8s7h2b&fkId=g1y5rht2ohp0i1jzfpnxzkal3n8s7h2b&ckId=g1y5rht2ohp0i1jzfpnxzkal3n8s7h2b&sfrom=search_job_pc&curPage=0&pageSize=40&index=19
